Name,Age,Gender,Personality,Occupation,Tidiness Preference,Dietary Preferences,Looking for (Gender),Chore Preferences,Personality Type,Lifestyle,Do you smoke?,Do you consume alcohol?,Locality
Aarav Sharma,18-21,Male,Social Butterfly,Student,Flexible with tidiness levels,Non-Vegetarian,Male,Flexible with either,Ambivert,Balanced,No,Yes,Koregaon Park
Ishika Patel,18-21,Female,Homebody,Student,Prefer a very tidy space,Vegetarian,Female,Prefer house help (cost split),Ambivert,Homebody,No,Yes,Aundh
Krish Shah,22-25,Male,Balanced,Working Professional,Prefer a very tidy space,Non-Vegetarian,Male,Flexible with either,Ambivert,Balanced,Yes,Yes,Kothrud
Riya Gupta,26-29,Female,Social Butterfly,Working Professional,Comfortable with some clutter,Vegetarian,Female,Flexible with either,Introvert,Balanced,No,Yes,Baner
Advik Singh,18-21,Male,Social Butterfly,Student,Flexible with tidiness levels,Non-Vegetarian,Male,Prefer house help (cost split),Ambivert,Balanced,Yes,Yes,Viman Nagar
Aisha Kumar,18-21,Female,Balanced,Student,Flexible with tidiness levels,Vegetarian,Female,Would like to share chores equally,Ambivert,Balanced,No,No,Shivaji Nagar
Virat Desai,18-21,Male,Homebody,Student,Prefer a very tidy space,Vegetarian,Male,Flexible with either,Introvert,Homebody,No,No,Model Colony
Saanvi Joshi,22-25,Female,Social Butterfly,Student,Prefer a very tidy space,Non-Vegetarian,Female,Prefer house help (cost split),Extrovert,Balanced,No,Yes,Kharadi
Vihaan Patel,18-21,Male,Balanced,Student,Prefer a very tidy space,Vegetarian,Male,Would like to share chores equally,Ambivert,Balanced,No,Yes,Pashan
Anaya Singh,18-21,Female,Social Butterfly,Student,Prefer a very tidy space,Non-Vegetarian,Female,Prefer house help (cost split),Ambivert,Balanced,No,Yes,Wakad
Arjun Shah,22-25,Male,Homebody,Working Professional,Flexible with tidiness levels,Vegetarian,Male,Would like to share chores equally,Introvert,Balanced,No,No,Hinjewadi
Dia Gupta,26-29,Female,Balanced,Working Professional,Prefer a very tidy space,Non-Vegetarian,Female,Flexible with either,Extrovert,Balanced,No,Occasionally,Koregaon Park
Veer Deshmukh,18-21,Male,Social Butterfly,Student,Flexible with tidiness levels,Vegetarian,Male,Prefer house help (cost split),Ambivert,Balanced,Yes,Yes,Magarpatta
Nisha Patil,18-21,Female,Homebody,Student,Comfortable with some clutter,Non-Vegetarian,Female,Flexible with either,Ambivert,Homebody,No,Yes,Hadapsar
Kabir Sharma,22-25,Male,Social Butterfly,Working Professional,Flexible with tidiness levels,Vegetarian,Male,Prefer house help (cost split),Ambivert,Balanced,No,Occasionally,Pimple Saudagar
Maya Shah,26-29,Female,Balanced,Working Professional,Prefer a very tidy space,Non-Vegetarian,Female,Flexible with either,Introvert,Balanced,No,Yes,Kondhwa
Arnav Singh,18-21,Male,Social Butterfly,Student,Flexible with tidiness levels,Non-Vegetarian,Male,Prefer house help (cost split),Ambivert,Balanced,No,Yes,Baner
Zara Gupta,18-21,Female,Homebody,Student,Prefer a very tidy space,Vegetarian,Female,Would like to share chores equally,Ambivert,Homebody,No,No,Koregaon Park
Yuvraj Deshmukh,22-25,Male,Balanced,Working Professional,Prefer a very tidy space,Non-Vegetarian,Male,Flexible with either,Ambivert,Balanced,Yes,Yes,Aundh
Isha Joshi,26-29,Female,Social Butterfly,Working Professional,Comfortable with some clutter,Vegetarian,Female,Flexible with either,Introvert,Balanced,No,Yes,Kothrud
Reyansh Patel,18-21,Male,Social Butterfly,Student,Flexible with tidiness levels,Non-Vegetarian,Male,Prefer house help (cost split),Ambivert,Balanced,Yes,Yes,Viman Nagar
Sara Desai,18-21,Female,Homebody,Student,Flexible with tidiness levels,Vegetarian,Female,Would like to share chores equally,Ambivert,Balanced,No,No,Model Colony
Dhruv Shah,22-25,Male,Balanced,Working Professional,Prefer a very tidy space,Non-Vegetarian,Male,Flexible with either,Ambivert,Balanced,No,Occasionally,Hinjewadi
Aaradhya Singh,26-29,Female,Social Butterfly,Working Professional,Flexible with tidiness levels,Non-Vegetarian,Female,Flexible with either,Extrovert,Balanced,No,Yes,Koregaon Park
Aaradhya Gupta,26-29,Female,Social Butterfly,Working Professional,Flexible with tidiness levels,Non-Vegetarian,Female,Flexible with either,Extrovert,Balanced,No,Yes,Koregaon Park
Rishaan Patel,18-21,Male,Balanced,Student,Prefer a very tidy space,Vegetarian,Male,Prefer house help (cost split),Ambivert,Balanced,No,Occasionally,Aundh
Kyra Shah,18-21,Female,Social Butterfly,Student,Comfortable with some clutter,Non-Vegetarian,Female,Prefer house help (cost split),Ambivert,Balanced,Yes,No,Kharadi
Arnav Desai,22-25,Male,Homebody,Working Professional,Flexible with tidiness levels,Vegetarian,Male,Prefer house help (cost split),Introvert,Balanced,No,Yes,Kothrud
Kavya Sharma,26-29,Female,Social Butterfly,Working Professional,Prefer a very tidy space,Non-Vegetarian,Female,Flexible with either,Extrovert,Balanced,No,Yes,Baner
Aarav Sharma,18-21,Male,Social Butterfly,Student,Flexible with tidiness levels,Non-Vegetarian,Male,Flexible with either,Ambivert,Balanced,No,Yes,Koregaon Park
Aarohi Patel,18-21,Female,Homebody,Student,Prefer a very tidy space,Vegetarian,Female,Prefer house help (cost split),Ambivert,Homebody,No,Yes,Pashan
Vihaan Shah,22-25,Male,Balanced,Working Professional,Prefer a very tidy space,Non-Vegetarian,Male,Flexible with either,Ambivert,Balanced,Yes,Yes,Kondhwa
Aradhya Singh,26-29,Female,Social Butterfly,Working Professional,Comfortable with some clutter,Vegetarian,Female,Flexible with either,Introvert,Balanced,No,Yes,Koregaon Park
Advik Gupta,18-21,Male,Social Butterfly,Student,Flexible with tidiness levels,Non-Vegetarian,Male,Prefer house help (cost split),Ambivert,Balanced,Yes,Yes,Viman Nagar
Aisha Kumar,18-21,Female,Balanced,Student,Flexible with tidiness levels,Vegetarian,Female,Would like to share chores equally,Ambivert,Balanced,No,No,Shivaji Nagar
Virat Desai,18-21,Male,Homebody,Student,Prefer a very tidy space,Vegetarian,Male,Flexible with either,Introvert,Homebody,No,No,Model Colony
Saanvi Joshi,22-25,Female,Social Butterfly,Student,Prefer a very tidy space,Non-Vegetarian,Female,Prefer house help (cost split),Extrovert,Balanced,No,Yes,Koregaon Park
Aarya Patel,18-21,Female,Balanced,Student,Prefer a very tidy space,Vegetarian,Female,Would like to share chores equally,Ambivert,Balanced,No,Yes,Aundh
Aarush Singh,18-21,Male,Social Butterfly,Student,Flexible with tidiness levels,Non-Vegetarian,Male,Prefer house help (cost split),Ambivert,Balanced,Yes,Yes,Koregaon Park
Aashvi Sharma,22-25,Female,Homebody,Working Professional,Prefer a very tidy space,Vegetarian,Female,Prefer house help (cost split),Ambivert,Homebody,No,Occasionally,Pashan
Abeer Singh,26-29,Male,Balanced,Working Professional,Prefer a very tidy space,Non-Vegetarian,Male,Flexible with either,Ambivert,Balanced,Yes,Yes,Kothrud
Aadhya Gupta,18-21,Female,Social Butterfly,Student,Comfortable with some clutter,Non-Vegetarian,Female,Would like to share chores equally,Ambivert,Balanced,No,No,Baner
Aahil Patel,18-21,Male,Balanced,Student,Flexible with tidiness levels,Vegetarian,Male,Prefer house help (cost split),Ambivert,Balanced,Yes,Occasionally,Pashan
Aanya Shah,18-21,Female,Homebody,Student,Prefer a very tidy space,Vegetarian,Female,Would like to share chores equally,Ambivert,Homebody,No,No,Model Colony
Aarav Shah,22-25,Male,Social Butterfly,Working Professional,Flexible with tidiness levels,Non-Vegetarian,Male,Flexible with either,Ambivert,Balanced,Yes,Yes,Koregaon Park
Aarti Gupta,26-29,Female,Social Butterfly,Working Professional,Prefer a very tidy space,Vegetarian,Female,Flexible with either,Extrovert,Balanced,No,Yes,Aundh
Aakash Singh,18-21,Male,Social Butterfly,Student,Flexible with tidiness levels,Non-Vegetarian,Male,Prefer house help (cost split),Ambivert,Balanced,Yes,Yes,Koregaon Park
Aarushi Patel,18-21,Female,Balanced,Student,Flexible with tidiness levels,Vegetarian,Female,Would like to share chores equally,Ambivert,Balanced,No,No,Pashan
Abhinav Desai,22-25,Male,Homebody,Working Professional,Prefer a very tidy space,Vegetarian,Male,Prefer house help (cost split),Introvert,Homebody,No,Yes,Koregaon Park
Aditi Gupta,26-29,Female,Social Butterfly,Working Professional,Comfortable with some clutter,Non-Vegetarian,Female,Flexible with either,Extrovert,Balanced,No,Yes,Kothrud
Aditya Singh,18-21,Male,Balanced,Student,Flexible with tidiness levels,Vegetarian,Male,Prefer house help (cost split),Ambivert,Balanced,No,Occasionally,Aundh
Ahana Shah,18-21,Female,Social Butterfly,Student,Comfortable with some clutter,Non-Vegetarian,Female,Prefer house help (cost split),Ambivert,Balanced,Yes,No,Kharadi
Akshay Desai,22-25,Male,Homebody,Working Professional,Prefer a very tidy space,Non-Vegetarian,Male,Prefer house help (cost split),Introvert,Homebody,No,Occasionally,Baner
Anaya Singh,26-29,Female,Social Butterfly,Working Professional,Prefer a very tidy space,Vegetarian,Female,Flexible with either,Introvert,Balanced,No,Yes,Koregaon Park
Bhavya Patel,18-21,Female,Social Butterfly,Student,Flexible with tidiness levels,Non-Vegetarian,Female,Prefer house help (cost split),Ambivert,Balanced,No,Yes,Aundh
Bhavin Sharma,18-21,Male,Homebody,Student,Prefer a very tidy space,Vegetarian,Male,Flexible with either,Ambivert,Homebody,No,Yes,Kharadi
Chetan Desai,22-25,Male,Balanced,Working Professional,Prefer a very tidy space,Non-Vegetarian,Male,Flexible with either,Ambivert,Balanced,Yes,Yes,Koregaon Park
Dia Gupta,26-29,Female,Social Butterfly,Working Professional,Comfortable with some clutter,Vegetarian,Female,Flexible with either,Extrovert,Balanced,No,Yes,Kothrud
Ekta Patel,18-21,Female,Social Butterfly,Student,Flexible with tidiness levels,Non-Vegetarian,Female,Prefer house help (cost split),Ambivert,Balanced,Yes,Yes,Koregaon Park
Firoz Shah,18-21,Male,Balanced,Student,Flexible with tidiness levels,Vegetarian,Male,Would like to share chores equally,Ambivert,Balanced,No,No,Pashan
Gaurav Patel,18-21,Male,Homebody,Student,Prefer a very tidy space,Vegetarian,Male,Flexible with either,Introvert,Homebody,No,No,Model Colony
Harini Joshi,22-25,Female,Social Butterfly,Student,Prefer a very tidy space,Non-Vegetarian,Female,Prefer house help (cost split),Extrovert,Balanced,No,Yes,Koregaon Park
Iqbal Patel,18-21,Male,Balanced,Student,Prefer a very tidy space,Vegetarian,Male,Would like to share chores equally,Ambivert,Balanced,No,Yes,Aundh
Jatin Singh,18-21,Male,Social Butterfly,Student,Flexible with tidiness levels,Non-Vegetarian,Male,Flexible with either,Ambivert,Balanced,Yes,Yes,Koregaon Park
Kavita Sharma,22-25,Female,Homebody,Working Professional,Prefer a very tidy space,Vegetarian,Female,Prefer house help (cost split),Ambivert,Homebody,No,Occasionally,Baner
Lata Gupta,26-29,Female,Social Butterfly,Working Professional,Flexible with tidiness levels,Non-Vegetarian,Female,Flexible with either,Extrovert,Balanced,No,Yes,Kothrud
Mohit Patel,18-21,Male,Balanced,Student,Flexible with tidiness levels,Vegetarian,Male,Prefer house help (cost split),Ambivert,Balanced,Yes,Occasionally,Koregaon Park
Nandini Desai,18-21,Female,Social Butterfly,Student,Comfortable with some clutter,Non-Vegetarian,Female,Flexible with either,Ambivert,Balanced,Yes,No,Koregaon Park
Ojas Shah,22-25,Male,Homebody,Working Professional,Prefer a very tidy space,Non-Vegetarian,Male,Prefer house help (cost split),Introvert,Homebody,No,Occasionally,Baner
Pooja Gupta,26-29,Female,Social Butterfly,Working Professional,Comfortable with some clutter,Vegetarian,Female,Flexible with either,Extrovert,Balanced,No,Yes,Kothrud
Qamar Patel,18-21,Male,Balanced,Student,Prefer a very tidy space,Vegetarian,Male,Prefer house help (cost split),Ambivert,Balanced,No,Occasionally,Aundh
Ramesh Singh,18-21,Male,Social Butterfly,Student,Flexible with tidiness levels,Non-Vegetarian,Male,Flexible with either,Ambivert,Balanced,Yes,No,Koregaon Park
Saira Patel,22-25,Female,Homebody,Working Professional,Prefer a very tidy space,Vegetarian,Female,Prefer house help (cost split),Ambivert,Homebody,No,Occasionally,Koregaon Park
Tanya Sharma,26-29,Female,Social Butterfly,Working Professional,Flexible with tidiness levels,Non-Vegetarian,Female,Flexible with either,Extrovert,Balanced,No,Yes,Kothrud
Uday Gupta,18-21,Male,Balanced,Student,Comfortable with some clutter,Vegetarian,Male,Prefer house help (cost split),Ambivert,Balanced,No,Yes,Aundh
Varsha Shah,18-21,Female,Social Butterfly,Student,Prefer a very tidy space,Non-Vegetarian,Female,Flexible with either,Ambivert,Balanced,Yes,Yes,Koregaon Park
Yash Deshmukh,22-25,Male,Homebody,Working Professional,Prefer a very tidy space,Non-Vegetarian,Male,Prefer house help (cost split),Introvert,Homebody,No,Occasionally,Baner
Zara Patil,26-29,Female,Social Butterfly,Working Professional,Comfortable with some clutter,Vegetarian,Female,Flexible with either,Extrovert,Balanced,No,Yes,Kothrud
Bhavesh Patel,18-21,Male,Social Butterfly,Student,Flexible with tidiness levels,Non-Vegetarian,Male,Prefer house help (cost split),Ambivert,Balanced,Yes,Yes,Aundh
Aarav Patel,18-21,Male,Social Butterfly,Student,Flexible with tidiness levels,Non-Vegetarian,Male,Prefer house help (cost split),Ambivert,Balanced,No,Yes,Koregaon Park
Bhavya Deshmukh,18-21,Female,Homebody,Student,Prefer a very tidy space,Vegetarian,Female,Flexible with either,Ambivert,Homebody,No,Yes,Kharadi
Chirag Sharma,22-25,Male,Balanced,Working Professional,Prefer a very tidy space,Non-Vegetarian,Male,Flexible with either,Ambivert,Balanced,Yes,Yes,Koregaon Park
Diya Gupta,26-29,Female,Social Butterfly,Working Professional,Comfortable with some clutter,Vegetarian,Female,Flexible with either,Introvert,Balanced,No,Yes,Kothrud
Esha Singh,18-21,Female,Social Butterfly,Student,Flexible with tidiness levels,Non-Vegetarian,Female,Prefer house help (cost split),Ambivert,Balanced,Yes,Yes,Koregaon Park
Farhan Patel,18-21,Male,Balanced,Student,Flexible with tidiness levels,Vegetarian,Male,Would like to share chores equally,Ambivert,Balanced,No,No,Pashan
Gauri Deshmukh,18-21,Female,Homebody,Student,Prefer a very tidy space,Vegetarian,Female,Flexible with either,Introvert,Homebody,No,No,Model Colony
Hitesh Sharma,22-25,Male,Social Butterfly,Student,Prefer a very tidy space,Non-Vegetarian,Male,Prefer house help (cost split),Extrovert,Balanced,No,Yes,Koregaon Park
Isha Gupta,18-21,Female,Balanced,Student,Prefer a very tidy space,Vegetarian,Female,Would like to share chores equally,Ambivert,Balanced,No,Yes,Aundh
Jay Singh,18-21,Male,Social Butterfly,Student,Flexible with tidiness levels,Non-Vegetarian,Male,Prefer house help (cost split),Ambivert,Balanced,Yes,Yes,Koregaon Park
Kavya Desai,22-25,Female,Homebody,Working Professional,Prefer a very tidy space,Vegetarian,Female,Prefer house help (cost split),Ambivert,Homebody,No,Occasionally,Baner
Lakshay Patel,26-29,Male,Social Butterfly,Working Professional,Comfortable with some clutter,Non-Vegetarian,Male,Flexible with either,Extrovert,Balanced,No,Yes,Koregaon Park
Meera Sharma,18-21,Female,Balanced,Student,Flexible with tidiness levels,Vegetarian,Female,Would like to share chores equally,Ambivert,Balanced,No,No,Pashan
Niharika Desai,18-21,Female,Social Butterfly,Student,Comfortable with some clutter,Non-Vegetarian,Female,Flexible with either,Ambivert,Balanced,Yes,No,Koregaon Park
Om Shah,22-25,Male,Homebody,Working Professional,Prefer a very tidy space,Non-Vegetarian,Male,Prefer house help (cost split),Introvert,Homebody,No,Occasionally,Baner
Pooja Patel,26-29,Female,Social Butterfly,Working Professional,Comfortable with some clutter,Vegetarian,Female,Flexible with either,Extrovert,Balanced,No,Yes,Kothrud
Rahul Singh,18-21,Male,Balanced,Student,Prefer a very tidy space,Vegetarian,Male,Prefer house help (cost split),Ambivert,Balanced,Yes,Occasionally,Koregaon Park
Sonali Patil,18-21,Female,Social Butterfly,Student,Comfortable with some clutter,Non-Vegetarian,Female,Flexible with either,Ambivert,Balanced,Yes,No,Aundh
Tanvi Deshmukh,22-25,Female,Homebody,Working Professional,Prefer a very tidy space,Vegetarian,Female,Prefer house help (cost split),Ambivert,Homebody,No,Yes,Baner
Utkarsh Sharma,26-29,Male,Social Butterfly,Working Professional,Comfortable with some clutter,Non-Vegetarian,Male,Flexible with either,Extrovert,Balanced,No,Yes,Koregaon Park
Veda Patel,18-21,Female,Balanced,Student,Flexible with tidiness levels,Vegetarian,Female,Would like to share chores equally,Ambivert,Balanced,No,Yes,Kothrud
Yashvi Shah,18-21,Female,Social Butterfly,Student,Comfortable with some clutter,Non-Vegetarian,Female,Flexible with either,Ambivert,Balanced,Yes,No,Koregaon Park
Zara Patel,22-25,Female,Homebody,Working Professional,Prefer a very tidy space,Vegetarian,Female,Prefer house help (cost split),Ambivert,Homebody,No,Occasionally,Baner
Ananya Desai,26-29,Female,Social Butterfly,Working Professional,Comfortable with some clutter,Vegetarian,Female,Flexible with either,Extrovert,Balanced,No,Yes,Koregaon Park
Bhargav Patel,18-21,Male,Social Butterfly,Student,Flexible with tidiness levels,Non-Vegetarian,Male,Prefer house help (cost split),Ambivert,Balanced,Yes,Yes,Aundh
Aditi Singh,18-21,Female,Social Butterfly,Student,Flexible with tidiness levels,Non-Vegetarian,Female,Prefer house help (cost split),Ambivert,Balanced,No,Yes,Koregaon Park
Brijesh Shah,18-21,Male,Homebody,Student,Prefer a very tidy space,Vegetarian,Male,Flexible with either,Ambivert,Homebody,No,Yes,Model Colony
Chandni Sharma,22-25,Female,Balanced,Working Professional,Prefer a very tidy space,Non-Vegetarian,Female,Flexible with either,Ambivert,Balanced,Yes,Yes,Koregaon Park
Devansh Patel,26-29,Male,Social Butterfly,Working Professional,Comfortable with some clutter,Vegetarian,Male,Flexible with either,Extrovert,Balanced,No,Yes,Kothrud
Ekansh Singh,18-21,Male,Social Butterfly,Student,Flexible with tidiness levels,Non-Vegetarian,Male,Prefer house help (cost split),Ambivert,Balanced,Yes,Yes,Koregaon Park
Falguni Desai,18-21,Female,Balanced,Student,Flexible with tidiness levels,Vegetarian,Female,Would like to share chores equally,Ambivert,Balanced,No,No,Pashan
Ganesh Deshmukh,18-21,Male,Homebody,Student,Prefer a very tidy space,Vegetarian,Male,Flexible with either,Introvert,Homebody,No,No,Model Colony
Himani Sharma,22-25,Female,Social Butterfly,Student,Prefer a very tidy space,Non-Vegetarian,Female,Prefer house help (cost split),Extrovert,Balanced,No,Yes,Koregaon Park
Ishita Gupta,18-21,Female,Balanced,Student,Prefer a very tidy space,Vegetarian,Female,Would like to share chores equally,Ambivert,Balanced,No,Yes,Aundh
Jyoti Patel,18-21,Male,Social Butterfly,Student,Flexible with tidiness levels,Non-Vegetarian,Male,Prefer house help (cost split),Ambivert,Balanced,Yes,Yes,Koregaon Park
Karan Shah,22-25,Male,Homebody,Working Professional,Prefer a very tidy space,Vegetarian,Male,Prefer house help (cost split),Ambivert,Homebody,No,Occasionally,Baner
Lavanya Singh,26-29,Female,Social Butterfly,Working Professional,Comfortable with some clutter,Non-Vegetarian,Female,Flexible with either,Extrovert,Balanced,No,Yes,Koregaon Park
Mohini Patel,18-21,Female,Balanced,Student,Flexible with tidiness levels,Vegetarian,Female,Would like to share chores equally,Ambivert,Balanced,No,No,Pashan
Naveen Desai,18-21,Female,Social Butterfly,Student,Comfortable with some clutter,Non-Vegetarian,Female,Flexible with either,Ambivert,Balanced,Yes,No,Koregaon Park
Ojaswini Shah,22-25,Male,Homebody,Working Professional,Prefer a very tidy space,Non-Vegetarian,Male,Prefer house help (cost split),Introvert,Homebody,No,Yes,Baner
Tanushree Agarwal,22-25,Female,Homebody,Working Professional,Prefer a very tidy space,Vegetarian,Female,Prefer house help (cost split),Ambivert,Homebody,No,Yes,Baner
Ujjwal Gupta,26-29,Male,Social Butterfly,Working Professional,Comfortable with some clutter,Non-Vegetarian,Male,Flexible with either,Extrovert,Balanced,No,Yes,Koregaon Park
Vinita Pokale,18-21,Female,Social Butterfly,Student,Flexible with tidiness levels,Non-Vegetarian,Female,Prefer house help (cost split),Ambivert,Balanced,Yes,Yes,Koregaon Park
Rakesh Sharma,18-21,Male,Social Butterfly,Student,Flexible with tidiness levels,Non-Vegetarian,Male,Prefer house help (cost split),Ambivert,Balanced,No,Yes,Koregaon Park
Meenakshi Singh,18-21,Female,Social Butterfly,Student,Comfortable with some clutter,Non-Vegetarian,Female,Flexible with either,Ambivert,Balanced,Yes,No,Koregaon Park
Nikhil Agarwal,22-25,Male,Homebody,Working Professional,Prefer a very tidy space,Vegetarian,Male,Prefer house help (cost split),Ambivert,Homebody,No,Occasionally,Baner
Priya Gupta,26-29,Female,Social Butterfly,Working Professional,Comfortable with some clutter,Vegetarian,Female,Flexible with either,Extrovert,Balanced,No,Yes,Koregaon Park
Rajat Sharma,18-21,Male,Social Butterfly,Student,Flexible with tidiness levels,Non-Vegetarian,Male,Prefer house help (cost split),Ambivert,Balanced,Yes,Yes,Koregaon Park
Shreya Pokale,18-21,Female,Balanced,Student,Flexible with tidiness levels,Vegetarian,Female,Would like to share chores equally,Ambivert,Balanced,No,No,Pashan
Vicky Singh,18-21,Male,Homebody,Student,Prefer a very tidy space,Vegetarian,Male,Flexible with either,Introvert,Homebody,No,No,Model Colony
Neha Gupta,22-25,Female,Social Butterfly,Student,Prefer a very tidy space,Non-Vegetarian,Female,Prefer house help (cost split),Extrovert,Balanced,No,Yes,Koregaon Park
Prateek Sharma,18-21,Male,Balanced,Student,Prefer a very tidy space,Vegetarian,Male,Prefer house help (cost split),Ambivert,Balanced,Yes,Yes,Aundh
Riya Singh,18-21,Female,Social Butterfly,Student,Flexible with tidiness levels,Non-Vegetarian,Female,Prefer house help (cost split),Ambivert,Balanced,Yes,Yes,Koregaon Park
Mohit Agarwal,22-25,Male,Homebody,Working Professional,Prefer a very tidy space,Vegetarian,Male,Prefer house help (cost split),Ambivert,Homebody,No,Occasionally,Baner
Preeti Gupta,26-29,Female,Social Butterfly,Working Professional,Comfortable with some clutter,Non-Vegetarian,Female,Flexible with either,Extrovert,Balanced,No,Yes,Koregaon Park
Rohan Sharma,18-21,Male,Social Butterfly,Student,Flexible with tidiness levels,Vegetarian,Male,Prefer house help (cost split),Ambivert,Balanced,Yes,Yes,Koregaon Park
Simran Pokale,18-21,Female,Balanced,Student,Flexible with tidiness levels,Vegetarian,Female,Would like to share chores equally,Ambivert,Balanced,No,No,Pashan
Vikram Singh,22-25,Male,Homebody,Working Professional,Prefer a very tidy space,Non-Vegetarian,Male,Prefer house help (cost split),Introvert,Homebody,No,Yes,Baner
Sneha Gupta,26-29,Female,Social Butterfly,Working Professional,Comfortable with some clutter,Vegetarian,Female,Flexible with either,Extrovert,Balanced,No,Yes,Koregaon Park
Vinita Shah,18-21,Female,Social Butterfly,Student,Flexible with tidiness levels,Non-Vegetarian,Female,Prefer house help (cost split),Ambivert,Balanced,Yes,Yes,Koregaon Park
Yogesh Gupta,18-21,Male,Homebody,Student,I'm comfortable with some clutter,Vegetarian,Male,Flexible with either,Introvert,Homebody,No,Occasionally,Model Colony
Zoya Singh,22-25,Female,Social Butterfly,Working Professional,Prefer a very tidy space,Vegetarian,Female,Prefer house help (cost split),Ambivert,Homebody,No,Occasionally,Baner
Akshay Sharma,26-29,Male,Social Butterfly,Working Professional,I'm comfortable with some clutter,Non-Vegetarian,Male,Flexible with either,Extrovert,Balanced,No,Yes,Koregaon Park
Barkha Agarwal,18-21,Female,Social Butterfly,Student,Flexible with tidiness levels,Vegetarian,Female,Prefer house help (cost split),Ambivert,Balanced,Yes,Yes,Koregaon Park
Daksh Pokale,18-21,Male,Balanced,Student,Flexible with tidiness levels,Vegetarian,Male,Prefer house help (cost split),Ambivert,Balanced,No,Occasionally,Pashan
Eesha Gupta,18-21,Female,Social Butterfly,Student,Flexible with tidiness levels,Non-Vegetarian,Female,Flexible with either,Ambivert,Balanced,No,No,Koregaon Park
Farida Agarwal,22-25,Female,Balanced,Working Professional,Prefer a very tidy space,Non-Vegetarian,Female,Would like to share chores equally,Ambivert,Balanced,No,Yes,Aundh
Gopal Shah,26-29,Male,Homebody,Working Professional,Prefer a very tidy space,Vegetarian,Male,Prefer house help (cost split),Extrovert,Homebody,No,Yes,Baner
Harsh Gupta,18-21,Male,Social Butterfly,Student,I'm flexible with tidiness levels,Non-Vegetarian,Male,Flexible with either,Ambivert,Balanced,Yes,No,Koregaon Park
Ila Singh,18-21,Female,Balanced,Student,Prefer a very tidy space,Vegetarian,Female,Would like to share chores equally,Ambivert,Balanced,No,Occasionally,Pashan
Jayesh Agarwal,22-25,Male,Homebody,Working Professional,Prefer a very tidy space,Vegetarian,Male,Prefer house help (cost split),Ambivert,Homebody,No,Yes,Baner
Kavita Sharma,26-29,Female,Social Butterfly,Working Professional,I'm comfortable with some clutter,Non-Vegetarian,Female,Flexible with either,Extrovert,Balanced,No,Yes,Koregaon Park
Lata Pokale,18-21,Female,Social Butterfly,Student,I'm comfortable with some clutter,Vegetarian,Female,Prefer house help (cost split),Ambivert,Balanced,Yes,Yes,Pashan
Mohan Gupta,18-21,Male,Homebody,Student,Flexible with tidiness levels,Vegetarian,Male,Flexible with either,Introvert,Homebody,No,Occasionally,Model Colony
Neha Singh,22-25,Female,Social Butterfly,Student,I prefer a very tidy space,Non-Vegetarian,Female,Flexible with either,Ambivert,Balanced,Yes,Yes,Koregaon Park
Omkar Shah,26-29,Male,Social Butterfly,Working Professional,I'm comfortable with some clutter,Vegetarian,Male,Flexible with either,Extrovert,Balanced,No,Yes,Koregaon Park
Preeti Agarwal,18-21,Female,Balanced,Student,Flexible with tidiness levels,Non-Vegetarian,Female,Would like to share chores equally,Ambivert,Balanced,Yes,No,Koregaon Park
Rahul Sharma,18-21,Male,Social Butterfly,Student,I prefer a very tidy space,Vegetarian,Male,Flexible with either,Ambivert,Balanced,No,Yes,Koregaon Park
Suman Singh,22-25,Female,Homebody,Working Professional,Prefer a very tidy space,Vegetarian,Female,Prefer house help (cost split),Ambivert,Homebody,No,Occasionally,Baner
Tejas Gupta,26-29,Male,Social Butterfly,Working Professional,I'm comfortable with some clutter,Non-Vegetarian,Male,Flexible with either,Extrovert,Balanced,No,Yes,Koregaon Park
Urmila Pokale,18-21,Female,Social Butterfly,Student,I'm flexible with tidiness levels,Vegetarian,Female,Flexible with either,Ambivert,Balanced,Yes,Yes,Pashan
Viren Shah,18-21,Male,Homebody,Student,I'm comfortable with some clutter,Non-Vegetarian,Male,Flexible with either,Introvert,Homebody,No,No,Koregaon Park
Yash Agarwal,22-25,Male,Social Butterfly,Working Professional,I prefer a very tidy space,Vegetarian,Male,Prefer house help (cost split),Ambivert,Balanced,No,Yes,Koregaon Park
Zoya Sharma,26-29,Female,Social Butterfly,Working Professional,I'm comfortable with some clutter,Non-Vegetarian,Female,Flexible with either,Extrovert,Balanced,No,Yes,Koregaon Park
Aarushi Gupta,18-21,Female,Social Butterfly,Student,Flexible with tidiness levels,Non-Vegetarian,Female,Prefer house help (cost split),Ambivert,Balanced,Yes,Yes,Koregaon Park
Bhavin Pokale,18-21,Male,Homebody,Student,Prefer a very tidy space,Vegetarian,Male,Flexible with either,Ambivert,Homebody,No,Occasionally,Pashan
Chandani Singh,22-25,Female,Balanced,Working Professional,I prefer a very tidy space,Non-Vegetarian,Female,Flexible with either,Ambivert,Balanced,Yes,Yes,Aundh
Devika Gupta,26-29,Female,Social Butterfly,Working Professional,I'm comfortable with some clutter,Vegetarian,Female,Flexible with either,Introvert,Balanced,No,Yes,Koregaon Park
Eklavya Pokale,18-21,Male,Social Butterfly,Student,Flexible with tidiness levels,Non-Vegetarian,Male,Prefer house help (cost split),Ambivert,Balanced,Yes,Yes,Pashan
Falak Agarwal,18-21,Female,Balanced,Student,I'm flexible with tidiness levels,Vegetarian,Female,Would like to share chores equally,Ambivert,Balanced,No,No,Koregaon Park
Aarav Singh,22-25,Male,Homebody,Working Professional,Prefer a very tidy space,Non-Vegetarian,Male,Prefer house help (cost split),Introvert,Homebody,No,Occasionally,Baner
Bhavna Gupta,26-29,Female,Balanced,Working Professional,I'm comfortable with some clutter,Vegetarian,Female,Flexible with either,Extrovert,Balanced,No,Yes,Kothrud
Charan Sharma,18-21,Male,Social Butterfly,Student,Flexible with tidiness levels,Non-Vegetarian,Male,Prefer house help (cost split),Ambivert,Balanced,Yes,Occasionally,Viman Nagar
Divya Singh,18-21,Female,Social Butterfly,Student,I'm comfortable with some clutter,Vegetarian,Female,Flexible with either,Ambivert,Balanced,Yes,No,Koregaon Park
Eesha Gupta,22-25,Female,Balanced,Working Professional,Prefer a very tidy space,Non-Vegetarian,Female,Prefer house help (cost split),Introvert,Balanced,No,Yes,Wakad
Faisal Pokale,26-29,Male,Homebody,Working Professional,I prefer a very tidy space,Vegetarian,Male,Prefer house help (cost split),Ambivert,Homebody,No,Yes,Hadapsar
Gitanjali Sharma,18-21,Female,Social Butterfly,Student,I prefer a very tidy space,Non-Vegetarian,Female,Flexible with either,Ambivert,Balanced,No,Yes,Aundh
Himanshu Gupta,18-21,Male,Balanced,Student,Flexible with tidiness levels,Vegetarian,Male,Prefer house help (cost split),Introvert,Balanced,Yes,Occasionally,Kharadi
Ishaan Agarwal,22-25,Male,Social Butterfly,Working Professional,Flexible with tidiness levels,Non-Vegetarian,Male,Flexible with either,Ambivert,Balanced,Yes,Yes,Kondhwa
Jyoti Pokale,26-29,Female,Homebody,Working Professional,I prefer a very tidy space,Vegetarian,Female,Prefer house help (cost split),Introvert,Homebody,No,Occasionally,Magarpatta
Karan Singh,18-21,Male,Balanced,Student,I'm comfortable with some clutter,Non-Vegetarian,Male,Flexible with either,Ambivert,Balanced,No,No,Hinjewadi
Lavanya Gupta,18-21,Female,Homebody,Student,I prefer a very tidy space,Vegetarian,Female,Prefer house help (cost split),Ambivert,Homebody,No,Occasionally,Shivajinagar
Mohit Sharma,22-25,Male,Social Butterfly,Working Professional,I'm comfortable with some clutter,Non-Vegetarian,Male,Flexible with either,Extrovert,Balanced,No,Yes,Deccan
Nidhi Pokale,26-29,Female,Social Butterfly,Working Professional,I prefer a very tidy space,Vegetarian,Female,Flexible with either,Introvert,Balanced,No,Yes,Camp
Omkar Gupta,18-21,Male,Social Butterfly,Student,I'm comfortable with some clutter,Vegetarian,Male,Prefer house help (cost split),Ambivert,Balanced,Yes,Occasionally,Kalyani Nagar
Prisha Sharma,18-21,Female,Balanced,Student,I prefer a very tidy space,Non-Vegetarian,Female,Flexible with either,Ambivert,Balanced,No,Yes,Pimple Saudagar
Rajiv Pokale,22-25,Male,Homebody,Working Professional,Flexible with tidiness levels,Vegetarian,Male,Prefer house help (cost split),Extrovert,Homebody,No,Yes,Kharadi
Shikha Gupta,26-29,Female,Social Butterfly,Working Professional,I'm comfortable with some clutter,Non-Vegetarian,Female,Flexible with either,Ambivert,Balanced,Yes,Yes,Baner
Tanay Singh,18-21,Male,Balanced,Student,Flexible with tidiness levels,Vegetarian,Male,Prefer house help (cost split),Ambivert,Balanced,No,Occasionally,Hinjewadi
Urvi Sharma,18-21,Female,Social Butterfly,Student,I'm comfortable with some clutter,Non-Vegetarian,Female,Flexible with either,Ambivert,Balanced,No,No,Kothrud
Vivaan Pokale,22-25,Male,Social Butterfly,Working Professional,I prefer a very tidy space,Vegetarian,Male,Prefer house help (cost split),Introvert,Balanced,No,Yes,Wakad
Yuvraj Sharma,26-29,Male,Homebody,Working Professional,Flexible with tidiness levels,Non-Vegetarian,Male,Prefer house help (cost split),Extrovert,Homebody,No,Yes,Pashan
Zara Gupta,18-21,Female,Social Butterfly,Student,I'm comfortable with some clutter,Vegetarian,Female,Flexible with either,Ambivert,Balanced,Yes,Yes,Viman Nagar
Anubhav Verma,22-25,Male,Social Butterfly,Working Professional,Flexible with tidiness levels,Non-Vegetarian,Male,Prefer house help (cost split),Extrovert,Balanced,No,Yes,Koregaon Park
Manav Sharma,26-29,Male,Homebody,Working Professional,Prefer a very tidy space,Vegetarian,Male,Prefer house help (cost split),Introvert,Homebody,No,Yes,Baner
Sahil Gupta,18-21,Male,Balanced,Student,Flexible with tidiness levels,Non-Vegetarian,Male,Flexible with either,Ambivert,Balanced,No,No,Aundh
Malay Singh,22-25,Male,Social Butterfly,Working Professional,Flexible with tidiness levels,Vegetarian,Male,Prefer house help (cost split),Extrovert,Balanced,No,Yes,Kothrud
Tejavi Patel,26-29,Female,Social Butterfly,Working Professional,I prefer a very tidy space,Non-Vegetarian,Female,Flexible with either,Ambivert,Balanced,No,Yes,Hinjewadi
Nayanshree Kaur,18-21,Female,Homebody,Student,I prefer a very tidy space,Vegetarian,Female,Prefer house help (cost split),Introvert,Homebody,No,Occasionally,Shivajinagar
Anuja Singh,22-25,Female,Balanced,Working Professional,I'm comfortable with some clutter,Non-Vegetarian,Female,Flexible with either,Ambivert,Balanced,No,Yes,Wakad
Vaishnavi Sharma,26-29,Female,Social Butterfly,Working Professional,I prefer a very tidy space,Vegetarian,Female,Prefer house help (cost split),Introvert,Balanced,No,Yes,Viman Nagar
Kunal Mehta,18-21,Male,Social Butterfly,Student,Flexible with tidiness levels,Non-Vegetarian,Male,Prefer house help (cost split),Extrovert,Balanced,No,Yes,Kharadi
Simran Gupta,22-25,Female,Balanced,Working Professional,I'm comfortable with some clutter,Vegetarian,Female,Prefer house help (cost split),Ambivert,Balanced,Yes,Occasionally,Hadapsar
Sachin Singh,26-29,Male,Homebody,Working Professional,Prefer a very tidy space,Non-Vegetarian,Male,Prefer house help (cost split),Introvert,Homebody,No,No,Kondhwa
Aishwarya Reddy,18-21,Female,Social Butterfly,Student,Flexible with tidiness levels,Non-Vegetarian,Female,Flexible with either,Ambivert,Balanced,Yes,Occasionally,Magarpatta
Kashvi Kapoor,22-25,Female,Homebody,Working Professional,Prefer a very tidy space,Vegetarian,Female,Prefer house help (cost split),Introvert,Homebody,No,Yes,Katraj
Khushi Joshi,26-29,Female,Social Butterfly,Working Professional,I'm comfortable with some clutter,Non-Vegetarian,Female,Flexible with either,Extrovert,Balanced,No,Yes,Kalyani Nagar
Keshav Singh,18-21,Male,Balanced,Student,I'm comfortable with some clutter,Vegetarian,Male,Prefer house help (cost split),Ambivert,Balanced,Yes,Occasionally,Shivane
Kartik Sharma,22-25,Male,Social Butterfly,Working Professional,Flexible with tidiness levels,Non-Vegetarian,Male,Prefer house help (cost split),Extrovert,Balanced,No,Yes,Pimple Saudagar
Om Patel,26-29,Male,Homebody,Working Professional,I prefer a very tidy space,Vegetarian,Male,Prefer house help (cost split),Introvert,Homebody,No,Yes,Kothrud
Akriti Singh,18-21,Female,Social Butterfly,Student,I prefer a very tidy space,Non-Vegetarian,Female,Flexible with either,Ambivert,Balanced,No,Yes,Bavdhan
Manmeet Kaur,22-25,Female,Balanced,Working Professional,Flexible with tidiness levels,Vegetarian,Female,Prefer house help (cost split),Extrovert,Balanced,No,Yes,Pimpri
Somya Yadav,26-29,Female,Homebody,Working Professional,I prefer a very tidy space,Non-Vegetarian,Female,Flexible with either,Introvert,Homebody,No,Yes,Warje
Ayushi Shah,18-21,Female,Balanced,Student,Flexible with tidiness levels,Vegetarian,Female,Prefer house help (cost split),Ambivert,Balanced,Yes,Yes,Wanowrie
Payal Patel,22-25,Female,Social Butterfly,Working Professional,I'm comfortable with some clutter,Non-Vegetarian,Female,Flexible with either,Extrovert,Balanced,Yes,Yes,Deccan Gymkhana
Preeti Singh,26-29,Female,Homebody,Working Professional,I prefer a very tidy space,Vegetarian,Female,Prefer house help (cost split),Introvert,Homebody,No,Yes,Kondhwa
Preksha Sharma,22-25,Female,Social Butterfly,Working Professional,Flexible with tidiness levels,Non-Vegetarian,Female,Flexible with either,Ambivert,Balanced,No,Yes,Kharadi
Rishi Kumar,26-29,Male,Homebody,Working Professional,Prefer a very tidy space,Vegetarian,Male,Prefer house help (cost split),Introvert,Homebody,No,Yes,Hinjewadi
Sanjana Gupta,18-21,Female,Balanced,Student,I'm comfortable with some clutter,Non-Vegetarian,Female,Flexible with either,Ambivert,Balanced,Yes,Occasionally,Kothrud
Tanishka Singh,22-25,Female,Social Butterfly,Working Professional,I prefer a very tidy space,Vegetarian,Female,Prefer house help (cost split),Extrovert,Balanced,No,Yes,Aundh
Udai Singh,26-29,Male,Social Butterfly,Working Professional,Flexible with tidiness levels,Non-Vegetarian,Male,Flexible with either,Ambivert,Balanced,No,Yes,Koregaon Park
Vivaan Shah,18-21,Male,Balanced,Student,I'm comfortable with some clutter,Vegetarian,Male,Prefer house help (cost split),Introvert,Balanced,Yes,Occasionally,Wakad
Yashika Patel,22-25,Female,Homebody,Working Professional,I prefer a very tidy space,Non-Vegetarian,Female,Prefer house help (cost split),Extrovert,Balanced,No,Yes,Baner
Zara Mehra,26-29,Female,Social Butterfly,Working Professional,Flexible with tidiness levels,Vegetarian,Female,Flexible with either,Ambivert,Balanced,No,Yes,Magarpatta
Anshul Gupta,18-21,Male,Social Butterfly,Student,I prefer a very tidy space,Non-Vegetarian,Male,Prefer house help (cost split),Extrovert,Balanced,No,Yes,Pimple Saudagar
Charu Kapoor,22-25,Female,Balanced,Working Professional,I'm comfortable with some clutter,Vegetarian,Female,Prefer house help (cost split),Ambivert,Balanced,Yes,Occasionally,Hadapsar
Divya Singh,26-29,Female,Homebody,Working Professional,I prefer a very tidy space,Non-Vegetarian,Female,Flexible with either,Introvert,Homebody,No,Yes,Kondhwa
Eshaan Sharma,18-21,Male,Social Butterfly,Student,Flexible with tidiness levels,Vegetarian,Male,Prefer house help (cost split),Ambivert,Balanced,No,Yes,Shivajinagar
Farah Khan,22-25,Female,Social Butterfly,Working Professional,I'm comfortable with some clutter,Non-Vegetarian,Female,Flexible with either,Extrovert,Balanced,Yes,Yes,Viman Nagar
Gaurav Patel,26-29,Male,Homebody,Working Professional,Prefer a very tidy space,Vegetarian,Male,Prefer house help (cost split),Introvert,Homebody,No,Yes,Kalyani Nagar
Harini Reddy,18-21,Female,Social Butterfly,Student,Flexible with tidiness levels,Non-Vegetarian,Female,Flexible with either,Ambivert,Balanced,Yes,Yes,Koregaon Park
Ishan Kapoor,22-25,Male,Balanced,Working Professional,I prefer a very tidy space,Vegetarian,Male,Prefer house help (cost split),Extrovert,Balanced,No,Yes,Baner
Jhanvi Singh,26-29,Female,Social Butterfly,Working Professional,I'm comfortable with some clutter,Non-Vegetarian,Female,Flexible with either,Ambivert,Balanced,No,Yes,Hinjewadi
Kunal Sharma,18-21,Male,Homebody,Student,I'm comfortable with some clutter,Vegetarian,Male,Prefer house help (cost split),Introvert,Homebody,No,No,Kothrud
Manya Gupta,22-25,Female,Social Butterfly,Working Professional,I prefer a very tidy space,Non-Vegetarian,Female,Prefer house help (cost split),Extrovert,Balanced,No,Yes,Aundh
Neeraj Patel,26-29,Male,Balanced,Working Professional,Flexible with tidiness levels,Vegetarian,Male,Prefer house help (cost split),Introvert,Balanced,No,Yes,Koregaon Park
Ojasvi Sharma,18-21,Female,Social Butterfly,Student,I prefer a very tidy space,Non-Vegetarian,Female,Flexible with either,Ambivert,Balanced,No,Yes,Kharadi
Parth Gupta,22-25,Male,Balanced,Working Professional,I'm comfortable with some clutter,Vegetarian,Male,Prefer house help (cost split),Extrovert,Balanced,Yes,Occasionally,Hadapsar
Riya Singh,26-29,Female,Homebody,Working Professional,I prefer a very tidy space,Non-Vegetarian,Female,Flexible with either,Introvert,Homebody,No,Yes,Kondhwa
Preksha Sharma,22-25,Female,Social Butterfly,Working Professional,Flexible with tidiness levels,Non-Vegetarian,Female,Flexible with either,Ambivert,Balanced,No,Yes,Kharadi
Rishi Kumar,26-29,Male,Homebody,Working Professional,Prefer a very tidy space,Vegetarian,Male,Prefer house help (cost split),Introvert,Homebody,No,Yes,Hinjewadi
Sanjana Gupta,18-21,Female,Balanced,Student,I'm comfortable with some clutter,Non-Vegetarian,Female,Flexible with either,Ambivert,Balanced,Yes,Occasionally,Kothrud
Tanishka Singh,22-25,Female,Social Butterfly,Working Professional,I prefer a very tidy space,Vegetarian,Female,Prefer house help (cost split),Extrovert,Balanced,No,Yes,Aundh
Udai Singh,26-29,Male,Social Butterfly,Working Professional,Flexible with tidiness levels,Non-Vegetarian,Male,Flexible with either,Ambivert,Balanced,No,Yes,Koregaon Park
Vivaan Shah,18-21,Male,Balanced,Student,I'm comfortable with some clutter,Vegetarian,Male,Prefer house help (cost split),Introvert,Balanced,Yes,Occasionally,Wakad
Yashika Patel,22-25,Female,Homebody,Working Professional,I prefer a very tidy space,Non-Vegetarian,Female,Prefer house help (cost split),Extrovert,Balanced,No,Yes,Baner
Zara Mehra,26-29,Female,Social Butterfly,Working Professional,Flexible with tidiness levels,Vegetarian,Female,Flexible with either,Ambivert,Balanced,No,Yes,Magarpatta
Anshul Gupta,18-21,Male,Social Butterfly,Student,I prefer a very tidy space,Non-Vegetarian,Male,Prefer house help (cost split),Extrovert,Balanced,No,Yes,Pimple Saudagar
Charu Kapoor,22-25,Female,Balanced,Working Professional,I'm comfortable with some clutter,Vegetarian,Female,Prefer house help (cost split),Ambivert,Balanced,Yes,Occasionally,Hadapsar
Divya Singh,26-29,Female,Homebody,Working Professional,I prefer a very tidy space,Non-Vegetarian,Female,Flexible with either,Introvert,Homebody,No,Yes,Kondhwa
Eshaan Sharma,18-21,Male,Social Butterfly,Student,Flexible with tidiness levels,Vegetarian,Male,Prefer house help (cost split),Ambivert,Balanced,No,Yes,Shivajinagar
Farah Khan,22-25,Female,Social Butterfly,Working Professional,I'm comfortable with some clutter,Non-Vegetarian,Female,Flexible with either,Extrovert,Balanced,Yes,Yes,Viman Nagar
Gaurav Patel,26-29,Male,Homebody,Working Professional,Prefer a very tidy space,Vegetarian,Male,Prefer house help (cost split),Introvert,Homebody,No,Yes,Kalyani Nagar
Harini Reddy,18-21,Female,Social Butterfly,Student,Flexible with tidiness levels,Non-Vegetarian,Female,Flexible with either,Ambivert,Balanced,Yes,Yes,Koregaon Park
Ishan Kapoor,22-25,Male,Balanced,Working Professional,I prefer a very tidy space,Vegetarian,Male,Prefer house help (cost split),Extrovert,Balanced,No,Yes,Baner
Jhanvi Singh,26-29,Female,Social Butterfly,Working Professional,I'm comfortable with some clutter,Non-Vegetarian,Female,Flexible with either,Ambivert,Balanced,No,Yes,Hinjewadi
Kunal Sharma,18-21,Male,Homebody,Student,I'm comfortable with some clutter,Vegetarian,Male,Prefer house help (cost split),Introvert,Homebody,No,No,Kothrud
Manya Gupta,22-25,Female,Social Butterfly,Working Professional,I prefer a very tidy space,Non-Vegetarian,Female,Prefer house help (cost split),Extrovert,Balanced,No,Yes,Aundh
Neeraj Patel,26-29,Male,Balanced,Working Professional,Flexible with tidiness levels,Vegetarian,Male,Prefer house help (cost split),Introvert,Balanced,No,Yes,Koregaon Park
Ojasvi Sharma,18-21,Female,Social Butterfly,Student,I prefer a very tidy space,Non-Vegetarian,Female,Flexible with either,Ambivert,Balanced,No,Yes,Kharadi
Parth Gupta,22-25,Male,Balanced,Working Professional,I'm comfortable with some clutter,Vegetarian,Male,Prefer house help (cost split),Extrovert,Balanced,Yes,Occasionally,Hadapsar
Riya Singh,26-29,Female,Homebody,Working Professional,I prefer a very tidy space,Non-Vegetarian,Female,Flexible with either,Introvert,Homebody,No,Yes,Kondhwa
Saurabh Patel,22-25,Male,Social Butterfly,Working Professional,Flexible with tidiness levels,Vegetarian,Male,Prefer house help (cost split),Ambivert,Balanced,No,Yes,Hadapsar
Avi Sharma,26-29,Male,Homebody,Working Professional,Prefer a very tidy space,Non-Vegetarian,Male,Flexible with either,Introvert,Homebody,No,Yes,Kothrud
Prathmesh Singh,18-21,Male,Balanced,Student,I'm comfortable with some clutter,Vegetarian,Male,Prefer house help (cost split),Ambivert,Balanced,Yes,Occasionally,Koregaon Park
Akansha Gupta,22-25,Female,Social Butterfly,Working Professional,I prefer a very tidy space,Non-Vegetarian,Female,Prefer house help (cost split),Extrovert,Balanced,No,Yes,Aundh
Suhas Kumar,26-29,Male,Homebody,Working Professional,Prefer a very tidy space,Vegetarian,Male,Prefer house help (cost split),Introvert,Homebody,No,Yes,Baner
Meghraj Singh,18-21,Male,Social Butterfly,Student,Flexible with tidiness levels,Non-Vegetarian,Male,Flexible with either,Ambivert,Balanced,No,Yes,Hinjewadi
Abhijit Sharma,22-25,Male,Balanced,Working Professional,I'm comfortable with some clutter,Vegetarian,Male,Prefer house help (cost split),Extrovert,Balanced,Yes,Yes,Kharadi
Prateek Patel,26-29,Male,Social Butterfly,Working Professional,Flexible with tidiness levels,Non-Vegetarian,Male,Flexible with either,Ambivert,Balanced,No,Yes,Magarpatta
Karan Gupta,18-21,Male,Social Butterfly,Student,I prefer a very tidy space,Vegetarian,Male,Prefer house help (cost split),Ambivert,Balanced,No,Yes,Wakad
Himanshu Singh,22-25,Male,Balanced,Working Professional,I'm comfortable with some clutter,Non-Vegetarian,Male,Prefer house help (cost split),Extrovert,Balanced,Yes,Occasionally,Pimple Saudagar
Gaurang Sharma,26-29,Male,Homebody,Working Professional,I prefer a very tidy space,Vegetarian,Male,Prefer house help (cost split),Introvert,Homebody,No,Yes,Koregaon Park
Uday Patel,18-21,Male,Social Butterfly,Student,Flexible with tidiness levels,Non-Vegetarian,Male,Flexible with either,Ambivert,Balanced,No,Yes,Hadapsar
Saurabh Kumar,22-25,Male,Balanced,Working Professional,I'm comfortable with some clutter,Vegetarian,Male,Prefer house help (cost split),Extrovert,Balanced,Yes,Yes,Kharadi
Avi Singh,26-29,Male,Homebody,Working Professional,Prefer a very tidy space,Non-Vegetarian,Male,Prefer house help (cost split),Introvert,Homebody,No,Yes,Baner
Prathmesh Gupta,18-21,Male,Social Butterfly,Student,Flexible with tidiness levels,Vegetarian,Male,Prefer house help (cost split),Ambivert,Balanced,No,Yes,Hinjewadi
Akansha Sharma,22-25,Female,Balanced,Working Professional,I'm comfortable with some clutter,Non-Vegetarian,Female,Flexible with either,Ambivert,Balanced,Yes,Yes,Aundh
Suhas Patel,26-29,Male,Social Butterfly,Working Professional,Flexible with tidiness levels,Vegetarian,Male,Prefer house help (cost split),Introvert,Balanced,No,Yes,Baner
Meghraj Kumar,18-21,Male,Homebody,Student,I prefer a very tidy space,Non-Vegetarian,Male,Flexible with either,Ambivert,Balanced,No,Yes,Koregaon Park
Abhijit Singh,22-25,Male,Social Butterfly,Working Professional,I'm comfortable with some clutter,Vegetarian,Male,Prefer house help (cost split),Extrovert,Balanced,Yes,Yes,Kondhwa
Kashish Gupta,22-25,Female,Social Butterfly,Working Professional,I'm comfortable with some clutter,Vegetarian,Female,Flexible with either,Ambivert,Balanced,No,Yes,Koregaon Park
Gayatri Singh,26-29,Female,Homebody,Working Professional,Prefer a very tidy space,Non-Vegetarian,Female,Prefer house help (cost split),Introvert,Homebody,No,Yes,Aundh
Ankita Sharma,18-21,Female,Social Butterfly,Student,I'm comfortable with some clutter,Vegetarian,Female,Flexible with either,Ambivert,Balanced,Yes,Occasionally,Hinjewadi
Mridula Patel,22-25,Female,Homebody,Working Professional,Prefer a very tidy space,Vegetarian,Female,Prefer house help (cost split),Extrovert,Homebody,No,Yes,Koregaon Park
Himangi Gupta,26-29,Female,Social Butterfly,Working Professional,I'm comfortable with some clutter,Non-Vegetarian,Female,Flexible with either,Ambivert,Balanced,No,Yes,Kondhwa
Prisha Sharma,22-25,Female,Homebody,Working Professional,Prefer a very tidy space,Vegetarian,Female,Prefer house help (cost split),Introvert,Homebody,No,Yes,Kalyani Nagar
Devika Singh,26-29,Female,Social Butterfly,Working Professional,I'm comfortable with some clutter,Non-Vegetarian,Female,Flexible with either,Ambivert,Balanced,Yes,Occasionally,Viman Nagar
Aarav Patel,18-21,Male,Social Butterfly,Student,I'm comfortable with some clutter,Vegetarian,Male,Flexible with either,Ambivert,Balanced,No,Yes,Magarpatta
Nehal Gupta,22-25,Female,Social Butterfly,Working Professional,I'm comfortable with some clutter,Non-Vegetarian,Female,Flexible with either,Ambivert,Balanced,No,Yes,Aundh
Riya Singh,26-29,Female,Homebody,Working Professional,Prefer a very tidy space,Vegetarian,Female,Prefer house help (cost split),Introvert,Homebody,No,Yes,Baner
Yashika Sharma,18-21,Female,Social Butterfly,Student,Flexible with tidiness levels,Non-Vegetarian,Female,Flexible with either,Ambivert,Balanced,No,Yes,Koregaon Park
Pranav Gupta,22-25,Male,Homebody,Working Professional,Prefer a very tidy space,Vegetarian,Male,Prefer house help (cost split),Introvert,Homebody,No,Yes,Kharadi
Aashi Patel,26-29,Female,Social Butterfly,Working Professional,I'm comfortable with some clutter,Non-Vegetarian,Female,Flexible with either,Ambivert,Balanced,Yes,Yes,Hadapsar
Anaya Singh,18-21,Female,Homebody,Student,I prefer a very tidy space,Vegetarian,Female,Prefer house help (cost split),Extrovert,Homebody,No,Yes,Wakad
Parth Sharma,22-25,Male,Social Butterfly,Working Professional,I'm comfortable with some clutter,Non-Vegetarian,Male,Flexible with either,Ambivert,Balanced,No,Yes,Shivajinagar
Ira Gupta,26-29,Female,Homebody,Working Professional,Prefer a very tidy space,Vegetarian,Female,Prefer house help (cost split),Introvert,Homebody,No,Yes,Koregaon Park
Tanvi Patel,18-21,Female,Social Butterfly,Student,Flexible with tidiness levels,Non-Vegetarian,Female,Flexible with either,Ambivert,Balanced,No,Yes,Hinjewadi
Kavish Singh,22-25,Male,Homebody,Working Professional,Prefer a very tidy space,Vegetarian,Male,Prefer house help (cost split),Extrovert,Homebody,No,Yes,Viman Nagar
Ishani Sharma,26-29,Female,Social Butterfly,Working Professional,I'm comfortable with some clutter,Non-Vegetarian,Female,Flexible with either,Ambivert,Balanced,Yes,Yes,Koregaon Park
Vihaan Gupta,18-21,Male,Social Butterfly,Student,Flexible with tidiness levels,Vegetarian,Male,Prefer house help (cost split),Ambivert,Balanced,No,Yes,Koregaon Park
Sanvi Patel,22-25,Female,Homebody,Working Professional,Prefer a very tidy space,Vegetarian,Female,Prefer house help (cost split),Extrovert,Homebody,No,Yes,Kalyani Nagar
Advik Singh,26-29,Male,Social Butterfly,Working Professional,I'm comfortable with some clutter,Non-Vegetarian,Male,Flexible with either,Ambivert,Balanced,Yes,Yes,Aundh
Vanya Sharma,18-21,Female,Social Butterfly,Student,I'm comfortable with some clutter,Vegetarian,Female,Flexible with either,Ambivert,Balanced,Yes,Yes,Hadapsar
Aarush Gupta,22-25,Male,Homebody,Working Professional,Prefer a very tidy space,Vegetarian,Male,Prefer house help (cost split),Introvert,Homebody,No,Yes,Koregaon Park
Shreya Patel,26-29,Female,Social Butterfly,Working Professional,I'm comfortable with some clutter,Non-Vegetarian,Female,Flexible with either,Ambivert,Balanced,Yes,Yes,Magarpatta
Vedika Singh,18-21,Female,Homebody,Student,Flexible with tidiness levels,Vegetarian,Female,Prefer house help (cost split),Extrovert,Homebody,No,Yes,Hinjewadi
Arnav Sharma,22-25,Male,Social Butterfly,Working Professional,I'm comfortable with some clutter,Non-Vegetarian,Male,Flexible with either,Ambivert,Balanced,No,Yes,Koregaon Park
Inaya Gupta,26-29,Female,Homebody,Working Professional,Prefer a very tidy space,Vegetarian,Female,Prefer house help (cost split),Introvert,Homebody,No,Yes,Aundh
